Model,Accuracy,Precision,Recall,F1,ROC_AUC
Random Forest,0.9996,0.9545454545454546,0.75,0.84,0.9624742496638151
XGBoost,0.9993,0.7333333333333333,0.7857142857142857,0.7586206896551724,0.9981921118136821
GCN,0.002937314258068975,0.0010386732680123256,1.0,0.002075191090512918,0.5025425487754255
GraphSAGE,0.9989633008500933,0.0,0.0,0.0,0.7411097274110973
